{ "recipes" : [ ["Red velvet cake",	 "BFST",  1, 110, "", 10, 21, 0, 1, 0, "/recipeimages/images1.jpg" ],
		["Stack cake",		 "BFST",  2, 210, "", 20, 22, 1, 0, 1, "/recipeimages/images2.jpg" ],
		["Strawberry shortcake", "BFST",  3, 310, "", 30, 23, 0, 1, 0, "/recipeimages/images3.jpg" ],
		["American fried rice",	 "BFST",  4, 410, "", 40, 24, 1, 0, 1, "/recipeimages/images4.jpg" ],
		["Calas",		 "LNCH",  5, 510, "", 50, 25, 0, 1, 0, "/recipeimages/images5.jpg" ],
		["Charleston red rice",	 "LNCH",  6, 610, "", 60, 26, 1, 0, 1, "/recipeimages/images6.jpg" ],
		["Chicken bog",		 "LNCH",  7, 710, "", 70, 27, 0, 1, 0, "/recipeimages/images7.jpg" ],
		["Dirty rice",		 "LNCH",  8, 810, "", 80, 28, 1, 0, 1, "/recipeimages/images8.jpg" ],
		["Glorified rice",	 "DNNR",  9, 910, "", 90, 29, 0, 1, 0, "/recipeimages/images9.jpg" ],
		["Gumbo",		 "DNNR", 10,  10, "", 11, 30, 1, 0, 1, "/recipeimages/images10.jpg" ],
		["Hawaiian haystack",	 "DNNR", 11,  20, "", 12, 31, 0, 1, 0, "/recipeimages/images11.jpg" ] ],
  "_comment" :  [          "NAME",  "MEAL_TIME","CALORIES",
			                           "COST", "RECIPE", "TIME_TO_COOK", "PREP_TIME",
							              "KIDS_MEAL", "VEGAN_MEAL", "LOW_CALORIE",
			   "IMAGE" ],

  "users" : [ [ "a user", "123", "A", "user", "a@b.c", "1234567890" ],
	      [ "b user", "456", "B", "user", "b@c.d", "1987654320" ] ],

  "ingredientmap" : [ [ 1, "ingredient-1", "g" ],
		      [ 2, "ingredient-2", "kg" ],
		      [ 3, "ingredient-3", "oz" ],
		      [ 4, "ingredient-4", "lb" ],
		      [ 5, "ingredient-5", "count" ],
		      [ 6, "ingredient-6", "ml" ],
		      [ 7, "ingredient-7", "l" ],
		      [ 8, "ingredient-8", "tsp" ],
		      [ 9, "ingredient-9", "tbsp" ],
		      [ 10, "ingredient-10", "cup" ],
		      [ 11, "ingredient-11", "sticks" ],
		      [ 12, "ingredient-12", "kg" ],
		      [ 13, "ingredient-13", "oz" ],
		      [ 14, "ingredient-14", "lb" ],
		      [ 15, "ingredient-15", "count" ],
		      [ 16, "ingredient-16", "ml" ],
		      [ 17, "ingredient-17", "l" ],
		      [ 18, "ingredient-18", "tsp" ],
		      [ 19, "ingredient-19", "tbsp" ],
		      [ 10, "ingredient-20", "cup" ],
		      [ 21, "ingredient-21", "sticks" ] ],

  "ingredients" : [["Red velvet cake", 20, 1],
		   ["Red velvet cake", 18, 3],
		   ["Red velvet cake", 11, 2],
		   ["Red velvet cake", 7, 3],
		   ["Red velvet cake", 21, 3],
		   ["Red velvet cake", 8, 1],
		   ["Red velvet cake", 15, 4],
		   ["Red velvet cake", 12, 4],
		   ["Red velvet cake", 10, 4],
		   ["Stack cake", 21, 5],
		   ["Stack cake", 18, 2],
		   ["Stack cake", 7, 4],
		   ["Stack cake", 12, 3],
		   ["Stack cake", 13, 4],
		   ["Stack cake", 19, 4],
		   ["Stack cake", 20, 3],
		   ["Stack cake", 8, 3],
		   ["Strawberry shortcake", 5, 1],
		   ["Strawberry shortcake", 19, 1],
		   ["Strawberry shortcake", 4, 4],
		   ["Strawberry shortcake", 14, 4],
		   ["Strawberry shortcake", 18, 3],
		   ["Strawberry shortcake", 16, 4],
		   ["Strawberry shortcake", 8, 5],
		   ["Strawberry shortcake", 21, 1],
		   ["Strawberry shortcake", 12, 5],
		   ["Strawberry shortcake", 7, 2],
		   ["American fried rice", 8, 4],
		   ["American fried rice", 14, 3],
		   ["American fried rice", 4, 2],
		   ["American fried rice", 6, 4],
		   ["American fried rice", 5, 2],
		   ["Calas", 18, 5],
		   ["Calas", 21, 4],
		   ["Calas", 2, 2],
		   ["Calas", 19, 1],
		   ["Calas", 14, 3],
		   ["Charleston red rice", 13, 5],
		   ["Charleston red rice", 2, 2],
		   ["Charleston red rice", 18, 3],
		   ["Charleston red rice", 16, 5],
		   ["Charleston red rice", 9, 4],
		   ["Charleston red rice", 5, 2],
		   ["Chicken bog", 18, 5],
		   ["Chicken bog", 15, 1],
		   ["Chicken bog", 5, 5],
		   ["Chicken bog", 14, 2],
		   ["Chicken bog", 16, 2],
		   ["Chicken bog", 17, 1],
		   ["Dirty rice", 15, 3],
		   ["Dirty rice", 16, 3],
		   ["Dirty rice", 11, 3],
		   ["Dirty rice", 21, 2],
		   ["Dirty rice", 8, 4],
		   ["Dirty rice", 7, 2],
		   ["Dirty rice", 1, 1],
		   ["Glorified rice", 1, 3],
		   ["Glorified rice", 8, 1],
		   ["Glorified rice", 5, 4],
		   ["Glorified rice", 16, 1],
		   ["Glorified rice", 6, 4],
		   ["Glorified rice", 14, 2],
		   ["Glorified rice", 18, 1],
		   ["Glorified rice", 9, 1],
		   ["Gumbo", 21, 3],
		   ["Gumbo", 4, 1],
		   ["Gumbo", 19, 5],
		   ["Gumbo", 13, 2],
		   ["Gumbo", 1, 1],
		   ["Gumbo", 11, 5],
		   ["Gumbo", 9, 2],
		   ["Gumbo", 17, 4],
		   ["Gumbo", 15, 2],
		   ["Gumbo", 12, 1],
		   ["Hawaiian haystack", 3, 3],
		   ["Hawaiian haystack", 4, 4],
		   ["Hawaiian haystack", 20, 3],
		   ["Hawaiian haystack", 15, 4],
		   ["Hawaiian haystack", 10, 3],
		   ["Hawaiian haystack", 1, 3],
		   ["Hawaiian haystack", 5, 3],
		   ["Hawaiian haystack", 6, 1],
		   ["Hawaiian haystack", 21, 4]]
}
